<?xml version="1.0" encoding="UTF-8" standalone="no"?>
<BlockMap xmlns="http://schemas.microsoft.com/appx/2010/blockmap" HashMethod="http://www.w3.org/2001/04/xmlenc#sha256"><File Name="js\jquery-1.7.1.js" Size="257476" LfhSize="48"><Block Hash="Ih+jQovJYD2tZHHy3CAVRMF/4PboHOsdzHwFs6Eu0Ys=" Size="20003"/><Block Hash="SQcxIhsdkDJSjutM4lyssbfpp6XW1+05B6EfQOPsgT8=" Size="18261"/><Block Hash="VduHWbdeSalpu+n7jCAeVfjTJtgRwwUtgWj2UWxvjHA=" Size="19306"/><Block Hash="SADXua8gOdAlUG7J2xgXB/gBsMRAKF+7MtoOGMWpda4=" Size="18133"/></File><File Name="js\knockout-2.1.0.js" Size="41326" LfhSize="50"><Block Hash="tR+D+5LQvR0wdRtPu5ulogOFhQ6JBtY0BvuhdIUzNVc=" Size="14641"/></File><File Name="images\logo.png" Size="801" LfhSize="45"><Block Hash="VL6ArkjkJC1WFwJI5zD/rGCigo0HJgoEjirA/WI4YjQ=" Size="692"/></File><File Name="images\smalllogo.png" Size="329" LfhSize="50"><Block Hash="NoVfu8bClyI81EmmfQL5yXbdPkMsmQW0/8avjx7sR6k=" Size="339"/></File><File Name="images\splashscreen.png" Size="2146" LfhSize="53"><Block Hash="Hbz7CYy7sz2pSm9MKPLegtlySyhUtVmaefln93bw/jY=" Size="1036"/></File><File Name="images\storelogo.png" Size="429" LfhSize="50"><Block Hash="3IJfy5T/YdOzk2jCfTEb33RzDl6pJERy5b/lEaEiS0M=" Size="439"/></File><File Name="pages\settings\settings.css" Size="204" LfhSize="57"><Block Hash="6IGKwTO8fBAaKqnOLvTe5Al3uoqZSnKwJIahnB6IZrs=" Size="117"/></File><File Name="pages\settings\helpFlyout.html" Size="825" LfhSize="60"><Block Hash="aJeQNt1E3JzUtuGq9azMjXTLVcduWJds5bSyQ1rXLiA=" Size="369"/></File><File Name="Demo.txt" Size="312" LfhSize="38"><Block Hash="Ox4DXQXtOe+kgVXoM77g9KUKxpQhqZgtnqbL7LWr6Qw=" Size="209"/></File><File Name="js\default.js" Size="2721" LfhSize="43"><Block Hash="b8vfmwPDUeiGxSd8LBKHcZNHGad74JiHBQhfg2h7y8c=" Size="1036"/></File><File Name="default.html" Size="1313" LfhSize="42"><Block Hash="GoxwNQKFFqrrj6oqDdHPy24NucmIN1kG/+0YPuZqJTQ=" Size="539"/></File><File Name="css\default.css" Size="1146" LfhSize="45"><Block Hash="IUaZ5PBG85U1tW9MaqeY8OVE6zsTAjG8aCvtoibO0RE=" Size="424"/></File><File Name="pages\settings\aboutFlyout.html" Size="1510" LfhSize="61"><Block Hash="VJMlEk3MSA9/Dsi6T3wA4bmA+ipSsIg7DAC7Mn7jvzM=" Size="670"/></File><File Name="resources.pri" Size="2728" LfhSize="43"><Block Hash="xXRcuGKMLCn7GbWEll4sEsX2V5tsL0Zy2eAs4UZRT6w=" Size="832"/></File><File Name="AppxManifest.xml" Size="2105" LfhSize="46"><Block Hash="ZxBLbs9dwo5ZmYfsosg1mUvB4HQuV9SMZZ+MoqYsNlk=" Size="977"/></File></BlockMap>